Référence;Désignation;Marque;Segment;Sous-segment;Conditionnement;Fournisseur;Source;Notes
RBI-WEB-B4C18A87A7;Nectar de goyavier 1 L;Albius;Albius pur jus et nectars;Nectars;Brique 1 L;Royal Bourbon Industries;https://royalbourbon.com/nectar-goyavier.html;
RBI-WEB-73BCB2E5E5;Nectar de letchi 1 L;Albius;Albius pur jus et nectars;Nectars;Brique 1 L;Royal Bourbon Industries;https://royalbourbon.com/nectar-de-letchis.html;
RBI-WEB-4FAA8A23A1;Nectar de mangue 1 L;Albius;Albius pur jus et nectars;Nectars;Brique 1 L;Royal Bourbon Industries;https://royalbourbon.com/nectar-de-mangue.html;
RBI-WEB-A123281E74;Nectar de passion 1 L;Albius;Albius pur jus et nectars;Nectars;Brique 1 L;Royal Bourbon Industries;https://royalbourbon.com/nectar-passion.html;
RBI-WEB-35FAFE9340;Pur jus d’ananas Victoria 1 L;Albius;Albius pur jus et nectars;Pur jus;Brique 1 L;Royal Bourbon Industries;https://royalbourbon.com/jus-ananas-victoria.html;
RBI-WEB-3F8559CA50;Jus 100 % abricot;Ceres;Ceres 100 % et nectars;Jus 100 %;;Royal Bourbon Industries;https://royalbourbon.com/ceres.html;"Parfum lisible sur la photo officielle. La gamme est présentée en 1 L / 20 cl ; association au parfum à confirmer."
RBI-WEB-E7C6F868E3;Jus et nectars Ceres — autres parfums à détailler;Ceres;Ceres 100 % et nectars;Gamme à détailler;Formats de gamme : 1 L / 20 cl;Royal Bourbon Industries;https://royalbourbon.com/ceres.html;"Entrée de gamme ; les autres parfums et leurs références ne sont pas énumérés sur le site."
RBI-WEB-45FE963F3F;Achards de chouchou 200 g;Royal Bourbon;Condiments et pâtes de piments;Achards;Bocal 200 g;Royal Bourbon Industries;https://www.boutique-la-reunion.com/nos-%C3%A9pices-condiments/101-achards-de-chouchou-3559503000194.html;
RBI-WEB-327CF8555E;Achards de citron 200 g;Royal Bourbon;Condiments et pâtes de piments;Achards;Bocal 200 g;Royal Bourbon Industries;https://www.boutique-la-reunion.com/nos-%C3%A9pices-condiments/29-achards-de-citron-3297381000010.html;
RBI-WEB-1D1E07E402;Achards de jacque 200 g;Royal Bourbon;Condiments et pâtes de piments;Achards;Bocal 200 g;Royal Bourbon Industries;https://www.boutique-la-reunion.com/nos-%C3%A9pices-condiments/27-achards-de-jacque.html;
RBI-WEB-53687326BD;Achards de légumes 200 g;Royal Bourbon;Condiments et pâtes de piments;Achards;Bocal 200 g;Royal Bourbon Industries;https://www.boutique-la-reunion.com/nos-%C3%A9pices-condiments/28-achards-de-legumes-3297387000137.html;
RBI-WEB-37525C2AF0;Achards de mangue 200 g;Royal Bourbon;Condiments et pâtes de piments;Achards;Bocal 200 g;Royal Bourbon Industries;https://www.boutique-la-reunion.com/nos-%C3%A9pices-condiments/26-achards-de-mangue.html;
RBI-WEB-3EBBA25818;Achards de palmiste 200 g;Royal Bourbon;Condiments et pâtes de piments;Achards;Bocal 200 g;Royal Bourbon Industries;https://www.boutique-la-reunion.com/nos-%C3%A9pices-condiments/25-achards-de-palmiste.html;
RBI-WEB-123B4D1FCD;Citrons confits 200 g;Royal Bourbon;Condiments et pâtes de piments;Condiments;Bocal 200 g;Royal Bourbon Industries;https://www.boutique-la-reunion.com/nos-%C3%A9pices-condiments/124-citrons-confits--3264396030028.html;
RBI-WEB-4E7364E816;Pâte de piment au citron 90 g;Royal Bourbon;Condiments et pâtes de piments;Pâtes de piments;Bocal 90 g;Royal Bourbon Industries;https://royalbourbon.com/p%C3%A2te-de-piment.html;"Version au citron mentionnée sur la fiche de gamme ; variété de piment non précisée."
RBI-WEB-7CAE6831FC;Pâte de piment cabri rouge 90 g;Royal Bourbon;Condiments et pâtes de piments;Pâtes de piments;Bocal 90 g;Royal Bourbon Industries;https://www.boutique-la-reunion.com/nos-%C3%A9pices-condiments/121-piment-cabri-rouge--3559503000217.html;
RBI-WEB-02529836D6;Pâte de piment rouge 90 g;Royal Bourbon;Condiments et pâtes de piments;Pâtes de piments;Bocal 90 g;Royal Bourbon Industries;https://royalbourbon.com/p%C3%A2te-de-piment.html;"Variété rouge mentionnée sur la fiche de gamme ; référence commerciale à confirmer."
RBI-WEB-D743ABB8B8;Pâte de piment vert 90 g;Royal Bourbon;Condiments et pâtes de piments;Pâtes de piments;Bocal 90 g;Royal Bourbon Industries;https://www.boutique-la-reunion.com/nos-%C3%A9pices-condiments/32-piment-vert.html;
RBI-WEB-C452E6966C;Confiture de ananas Victoria 250 g;Royal Bourbon;Confitures, gelées et miel;Confitures de fruits tropicaux;Bocal 250 g;Royal Bourbon Industries;https://royalbourbon.com/confitures-de-fruits-tropicaux.html;
RBI-WEB-7F1831B0D6;Confiture de banane 250 g;Royal Bourbon;Confitures, gelées et miel;Confitures de fruits tropicaux;Bocal 250 g;Royal Bourbon Industries;https://www.boutique-la-reunion.com/nos-confitures-desserts/46-confiture-de-banane-3559509000501.html;
RBI-WEB-8483F899CE;Confiture de goyavier 250 g;Royal Bourbon;Confitures, gelées et miel;Confitures de fruits tropicaux;Bocal 250 g;Royal Bourbon Industries;https://royalbourbon.com/confitures-de-fruits-tropicaux.html;
RBI-WEB-44D8742D62;Confiture de letchi 250 g;Royal Bourbon;Confitures, gelées et miel;Confitures de fruits tropicaux;Bocal 250 g;Royal Bourbon Industries;https://royalbourbon.com/confitures-de-fruits-tropicaux.html;
RBI-WEB-1860168B43;Confiture de mangue 250 g;Royal Bourbon;Confitures, gelées et miel;Confitures de fruits tropicaux;Bocal 250 g;Royal Bourbon Industries;https://royalbourbon.com/confitures-de-fruits-tropicaux.html;
RBI-WEB-471151C25C;Confiture de mangue-passion 250 g;Royal Bourbon;Confitures, gelées et miel;Confitures de fruits tropicaux;Bocal 250 g;Royal Bourbon Industries;https://royalbourbon.com/confitures-de-fruits-tropicaux.html;
RBI-WEB-23D5513650;Confiture de papaye 250 g;Royal Bourbon;Confitures, gelées et miel;Confitures de fruits tropicaux;Bocal 250 g;Royal Bourbon Industries;https://royalbourbon.com/confitures-de-fruits-tropicaux.html;
RBI-WEB-A7387D10E0;Confiture de papaye-ananas Victoria 250 g;Royal Bourbon;Confitures, gelées et miel;Confitures de fruits tropicaux;Bocal 250 g;Royal Bourbon Industries;https://royalbourbon.com/confitures-de-fruits-tropicaux.html;
RBI-WEB-9539A94DDF;Confiture de tangor 250 g;Royal Bourbon;Confitures, gelées et miel;Confitures de fruits tropicaux;Bocal 250 g;Royal Bourbon Industries;https://royalbourbon.com/confitures-de-fruits-tropicaux.html;
RBI-WEB-60A9AFD1EC;Confiture de tomate 250 g;Royal Bourbon;Confitures, gelées et miel;Confitures de fruits tropicaux;Bocal 250 g;Royal Bourbon Industries;https://www.boutique-la-reunion.com/nos-confitures-desserts/45-confiture-de-tomate-3559509000495.html;
RBI-WEB-E6A09B72B7;Miel d’acacia 250 g;Royal Bourbon;Confitures, gelées et miel;Miel;Bocal 250 g;Royal Bourbon Industries;https://royalbourbon.com/miel-daccacia.html;
RBI-WEB-BB36BA8AFF;Cassoulet à la créole 420 g;Royal Bourbon;Conserves et plats cuisinés;Plats cuisinés;Conserve 420 g;Royal Bourbon Industries;https://www.boutique-la-reunion.com/nos-conserves/270-cassoulet-%C3%A0-la-cr%C3%A9ole-420g.html;
RBI-WEB-D6849898C8;Rougail de chevaquines 136 g;Royal Bourbon;Conserves et plats cuisinés;Produits de la mer;Conserve 136 g;Royal Bourbon Industries;https://www.boutique-la-reunion.com/nos-conserves/37-rougail-chevaquines.html;
RBI-WEB-2E179F2518;Dessert de fruits pomme et banane de La Réunion;Albius;Desserts de fruits;Desserts de fruits;2 pots de 100 g;Royal Bourbon Industries;https://royalbourbon.com/dessert-aux-fruits.html;"Marque, parfum et format relevés sur la photo de la fiche officielle ; fiche textuelle non détaillée."
RBI-WEB-3CD02638B5;Ananas Victoria surgelé 500 g;Royal Bourbon;Fruits surgelés;Fruits tropicaux;Sachet 500 g;Royal Bourbon Industries;https://royalbourbon.com/ananas-victoria.html;
RBI-WEB-EF416934D1;Goyavier surgelé 500 g;Royal Bourbon;Fruits surgelés;Fruits tropicaux;Sachet 500 g;Royal Bourbon Industries;https://royalbourbon.com/goyavier.html;
RBI-WEB-DD497D48B0;Letchi surgelé 500 g;Royal Bourbon;Fruits surgelés;Fruits tropicaux;Sachet 500 g;Royal Bourbon Industries;https://royalbourbon.com/letchi.html;
RBI-WEB-37B6DDCBDC;Mangue surgelé 500 g;Royal Bourbon;Fruits surgelés;Fruits tropicaux;Sachet 500 g;Royal Bourbon Industries;https://royalbourbon.com/mangue.html;
RBI-WEB-9FB24583A4;Boisson aux fruits fruits du verger 1 L;Kayamba;Kayamba boissons aux fruits;Boissons aux fruits;Brique 1 L;Royal Bourbon Industries;https://royalbourbon.com/fruits-du-verger.html;
RBI-WEB-AD2103DA34;Boisson aux fruits mangue-ananas 1 L;Kayamba;Kayamba boissons aux fruits;Boissons aux fruits;Brique 1 L;Royal Bourbon Industries;https://royalbourbon.com/mangue-ananas.html;
RBI-WEB-79244FF3BF;Boisson aux fruits mangue-passion 1 L;Kayamba;Kayamba boissons aux fruits;Boissons aux fruits;Brique 1 L;Royal Bourbon Industries;https://royalbourbon.com/mangue-passion.html;
RBI-WEB-F1EC78D4D5;Boisson aux fruits multivitaminé 1 L;Kayamba;Kayamba boissons aux fruits;Boissons aux fruits;Brique 1 L;Royal Bourbon Industries;https://royalbourbon.com/multivitamin%C3%A9.html;
RBI-WEB-7B4A93A462;Boisson aux fruits pêche-orange 1 L;Kayamba;Kayamba boissons aux fruits;Boissons aux fruits;Brique 1 L;Royal Bourbon Industries;https://royalbourbon.com/p%C3%AAche-orange.html;
RBI-WEB-165D4AC507;Boisson aux fruits tropical 1 L;Kayamba;Kayamba boissons aux fruits;Boissons aux fruits;Brique 1 L;Royal Bourbon Industries;https://royalbourbon.com/tropical.html;
RBI-WEB-C0AADCCB2C;Haricots blancs naturels 400 g;Royal Bourbon;Légumes secs;Grains au naturel;Conserve 400 g;Royal Bourbon Industries;https://www.boutique-la-reunion.com/nos-conserves/111-haricot-blanc-naturels-400g-3297386000350.html;
RBI-WEB-C6921B7F96;Haricots noirs naturels 400 g;Royal Bourbon;Légumes secs;Grains au naturel;Conserve 400 g;Royal Bourbon Industries;https://www.boutique-la-reunion.com/nos-conserves/190-haricots-noirs-au-naturel-400g.html;
RBI-WEB-3BF2AC4FE9;Haricots rosés naturels 400 g;Royal Bourbon;Légumes secs;Grains au naturel;Conserve 400 g;Royal Bourbon Industries;https://www.boutique-la-reunion.com/nos-conserves/115-haricots-roses-naturels-400-g--3297386000473.html;
RBI-WEB-93BE904637;Haricots rouges au naturel;Royal Bourbon;Légumes secs;Grains au naturel;Formats de gamme : 425 / 850 ml;Royal Bourbon Industries;https://royalbourbon.com/haricots-naturels.html;"Formats communs publiés pour la gamme ; disponibilité de chaque format à confirmer. Poids égoutés de gamme : 250 / 530 g."
RBI-WEB-325F8660D8;Lentilles au naturel;Royal Bourbon;Légumes secs;Grains au naturel;Formats de gamme : 425 / 850 ml;Royal Bourbon Industries;https://royalbourbon.com/haricots-naturels.html;"Formats communs publiés pour la gamme ; disponibilité de chaque format à confirmer. Poids égoutés de gamme : 250 / 530 g."
RBI-WEB-2A6C9D0B22;Pois du cap au naturel;Royal Bourbon;Légumes secs;Grains au naturel;Formats de gamme : 425 / 850 ml;Royal Bourbon Industries;https://royalbourbon.com/haricots-naturels.html;"Formats communs publiés pour la gamme ; disponibilité de chaque format à confirmer. Poids égoutés de gamme : 250 / 530 g."
RBI-WEB-17E493E4E3;Brèdes manioc surgelé 500 g;Royal Bourbon;Légumes surgelés;Légumes et tubercules tropicaux;Sachet 500 g;Royal Bourbon Industries;https://royalbourbon.com/br%C3%A8des-manioc.html;
RBI-WEB-29160E58C3;Chouchou surgelé 500 g;Royal Bourbon;Légumes surgelés;Légumes et tubercules tropicaux;Sachet 500 g;Royal Bourbon Industries;https://royalbourbon.com/chouchou.html;
RBI-WEB-EC5203ADAB;Fruit à pain surgelé 500 g;Royal Bourbon;Légumes surgelés;Légumes et tubercules tropicaux;Sachet 500 g;Royal Bourbon Industries;https://royalbourbon.com/fruits-%C3%A0-pain.html;
RBI-WEB-4F5A775451;Gingembre surgelé 250 g;Royal Bourbon;Légumes surgelés;Légumes et tubercules tropicaux;Sachet 250 g;Royal Bourbon Industries;https://royalbourbon.com/gingembre.html;
RBI-WEB-EDDEEBAB2E;Jacque haché surgelé 500 g;Royal Bourbon;Légumes surgelés;Légumes et tubercules tropicaux;Sachet 500 g;Royal Bourbon Industries;https://royalbourbon.com/jacque-hach%C3%A9s.html;
RBI-WEB-6C3E51AD53;Mangue verte surgelé 250 g;Royal Bourbon;Légumes surgelés;Légumes et tubercules tropicaux;Sachet 250 g;Royal Bourbon Industries;https://royalbourbon.com/mangue-verte.html;
RBI-WEB-2746DD9CAE;Manioc surgelé 500 g;Royal Bourbon;Légumes surgelés;Légumes et tubercules tropicaux;Sachet 500 g;Royal Bourbon Industries;https://royalbourbon.com/manioc.html;
RBI-WEB-0259DC19E1;Papaye verte surgelé 700 g;Royal Bourbon;Légumes surgelés;Légumes et tubercules tropicaux;Sachet 700 g;Royal Bourbon Industries;https://royalbourbon.com/papayes-vertes.html;
RBI-WEB-CCDB6A06C6;Patate douce surgelé 500 g;Royal Bourbon;Légumes surgelés;Légumes et tubercules tropicaux;Sachet 500 g;Royal Bourbon Industries;https://royalbourbon.com/patate-douce.html;
RBI-WEB-B01C522DE1;Piment vert surgelé 250 g;Royal Bourbon;Légumes surgelés;Légumes et tubercules tropicaux;Sachet 250 g;Royal Bourbon Industries;https://royalbourbon.com/piment-vert.html;
RBI-WEB-EA6691CDFB;Songe surgelé 250 g;Royal Bourbon;Légumes surgelés;Légumes et tubercules tropicaux;Sachet 250 g;Royal Bourbon Industries;https://royalbourbon.com/songes.html;
RBI-WEB-0C312FE9AC;Évis surgelé 250 g;Royal Bourbon;Légumes surgelés;Légumes et tubercules tropicaux;Sachet 250 g;Royal Bourbon Industries;https://royalbourbon.com/evis.html;
RBI-WEB-DBC47A7C75;Extrait naturel de vanille Bourbon 30 ml;Albius;Épices, herbes aromatiques et aides culinaires;Vanille Bourbon;Flacon 30 ml;Royal Bourbon Industries;https://royalbourbon.com/vanille-bourbon.html;Présentation, marque et volume lisibles sur la photo de la fiche officielle.
RBI-WEB-3D31846FDE;Poudre de vanille Bourbon 15 g;Albius;Épices, herbes aromatiques et aides culinaires;Vanille Bourbon;Sachet 15 g;Royal Bourbon Industries;https://royalbourbon.com/vanille-bourbon.html;Présentation, marque et poids lisibles sur la photo de la fiche officielle.
RBI-WEB-57D4A56300;Vanille Bourbon en gousses — format à préciser;Albius;Épices, herbes aromatiques et aides culinaires;Vanille Bourbon;;Royal Bourbon Industries;https://royalbourbon.com/vanille-bourbon.html;"Gousses mentionnées ; la fiche liste 5 / 7 / 15 / 25 g sans associer chaque format à une présentation."
RBI-WEB-C1C691AF42;Curcuma en pot 100 g;Maison Rama;Épices, herbes aromatiques et aides culinaires;Épices;Pot 100 g;Royal Bourbon Industries;https://www.boutique-la-reunion.com/nos-%C3%A9pices-condiments/189-curmuma-pot-100g.html;
RBI-WEB-13C4BA760E;Curcuma en sachet 100 g;Maison Rama;Épices, herbes aromatiques et aides culinaires;Épices;Sachet 100 g;Royal Bourbon Industries;https://www.boutique-la-reunion.com/nos-%C3%A9pices-condiments/187-curcuma-sachet-100g-3559504001220.html;
RBI-WEB-434302E717;Herbes aromatiques — gamme à détailler;Maison Rama;Épices, herbes aromatiques et aides culinaires;Herbes aromatiques;Formats de gamme : 50 / 100 g;Royal Bourbon Industries;https://royalbourbon.com/epices-secs-et-herbes-aromatiques.html;"Entrée de gamme ; espèces et correspondance des formats non publiées. Marque attribuée à la gamme Maison Rama, à confirmer par référence."
RBI-WEB-A1D6A0E6B9;Massalé piment en sachet 100 g;Maison Rama;Épices, herbes aromatiques et aides culinaires;Épices;Sachet 100 g;Royal Bourbon Industries;https://www.boutique-la-reunion.com/nos-%C3%A9pices-condiments/22-massale-piment-sachet--3266840001080.html;
RBI-WEB-78CB98228C;Massalé sans piment en pot 50 g;Maison Rama;Épices, herbes aromatiques et aides culinaires;Épices;Pot 50 g;Royal Bourbon Industries;https://royalbourbon.com/epices-secs-et-herbes-aromatiques.html;Désignation, marque et format relevés sur la photo du produit de la fiche officielle.
RBI-WEB-367317AC40;Pâte d’ail 90 g;Royal Bourbon;Épices, herbes aromatiques et aides culinaires;Aides culinaires;Pot 90 g;Royal Bourbon Industries;https://www.boutique-la-reunion.com/nos-%C3%A9pices-condiments/129-pate-d-ail.html;
RBI-WEB-CAE22BA3B2;Sauce carri 200 g;Royal Bourbon;Épices, herbes aromatiques et aides culinaires;Sauces créoles;Bocal 200 g;Royal Bourbon Industries;https://www.boutique-la-reunion.com/nos-%C3%A9pices-condiments/34-sauce-carry-3559503000040.html;
RBI-WEB-9DB5A09C11;Sauce massalé 200 g;Royal Bourbon;Épices, herbes aromatiques et aides culinaires;Sauces créoles;Bocal 200 g;Royal Bourbon Industries;https://www.boutique-la-reunion.com/nos-%C3%A9pices-condiments/36-sauce-massale-3559503000033.html;
RBI-WEB-062FD62E7C;Sauce rougail 200 g;Royal Bourbon;Épices, herbes aromatiques et aides culinaires;Sauces créoles;Bocal 200 g;Royal Bourbon Industries;https://www.boutique-la-reunion.com/nos-%C3%A9pices-condiments/35-sauce-rougail-3559503000057.html;
